group,run_id,round,new_candidates,incumbent_before,incumbent_after,raw_candidates,best_so_far_recorded_validation_pp,selection,before_evidence,after_evidence,USPTO_incumbent_after,fixed_global_incumbent_USPTO_test_accuracy,Symptom2Disease_incumbent_after,fixed_global_incumbent_Symptom2Disease_test_accuracy,LawBench_incumbent_after,fixed_global_incumbent_LawBench_test_accuracy,current_final_frontier_incumbent,D,N,checkpoint_time_utc,checkpoint_evidence,raw_new_candidates,fixed_incumbent_audit_pp
text_classification_reproduction,20260925_200856,1,2,fewshot_all,fewshot_all,contrastive_error_memory=36.0; reflexion_memory=29.3,43.8,"macro validation / Pareto, then context length",reference_examples\text_classification\logs\20260925_200856\claude_sessions\20260925_133753_iter1\tools\002_Read.txt,reference_examples\text_classification\logs\20260925_200856\claude_sessions\20260925_170040_iter2\tools\002_Read.txt,fewshot_all,0.19,fewshot_all,0.8349056603773585,fewshot_all,0.28,,,,,,,
text_classification_reproduction,20260925_200856,2,2,fewshot_all,similarity_retrieval_memory,label_balanced_memory=44.7; similarity_retrieval_memory=45.6,45.6,"macro validation / Pareto, then context length",reference_examples\text_classification\logs\20260925_200856\claude_sessions\20260925_170040_iter2\tools\002_Read.txt,reference_examples\text_classification\logs\20260925_200856\claude_sessions\20260925_184405_iter3\tools\002_Read.txt,similarity_retrieval_memory,0.17,similarity_retrieval_memory,0.8962264150943396,label_balanced_memory,0.27,,,,,,,
text_classification_reproduction,20260925_200856,3,2,similarity_retrieval_memory,label_champion_memory,label_champion_memory=46.2; mmr_memory=45.8,46.2,"macro validation / Pareto, then context length",reference_examples\text_classification\logs\20260925_200856\claude_sessions\20260925_184405_iter3\tools\002_Read.txt,reference_examples\text_classification\evolve_out.log:176,missing,0.17,missing,0.8490566037735849,missing,0.3,,,,,,,
text_classification_reproduction,20260925_200856,4,2,label_champion_memory,confusion_disambiguation_memory,label_aware_prompt_memory=43.8; confusion_disambiguation_memory=47.6,47.6,"macro validation / Pareto, then context length",reference_examples\text_classification\evolve_out.log:176,reference_examples\text_classification\evolve_out.log:261,missing,0.17,missing,0.8820754716981132,missing,0.29,,,,,,,
text_classification_reproduction,20260925_200856,5,2,confusion_disambiguation_memory,confusion_disambiguation_memory,confusion_mmr_memory=46.9; difficulty_weighted_mmr_memory=40.9,47.6,"macro validation / Pareto, then context length",reference_examples\text_classification\evolve_out.log:261,reference_examples\text_classification\logs\20260925_200856\claude_sessions\20260926_004259_iter6\tools\002_Read.txt,confusion_disambiguation_memory,0.17,confusion_disambiguation_memory,0.8820754716981132,mmr_memory,0.29,,,,,,,
text_classification_reproduction,20260925_200856,6,2,confusion_disambiguation_memory,label_grouped_memory,ngram_confusion_memory=47.3; label_grouped_memory=47.8,47.8,"macro validation / Pareto, then context length",reference_examples\text_classification\logs\20260925_200856\claude_sessions\20260926_004259_iter6\tools\002_Read.txt,reference_examples\text_classification\evolve_out.log:433,missing,0.16,missing,0.8490566037735849,missing,0.38,,,,,,,
text_classification_reproduction,20260925_200856,7,2,label_grouped_memory,adaptive_tokenizer_confusion_memory,adaptive_tokenizer_confusion_memory=51.6; llm_rule_synthesis_memory=44.0,51.6,"macro validation / Pareto, then context length",reference_examples\text_classification\evolve_out.log:433,reference_examples\text_classification\evolve_out.log:530,missing,0.17,missing,0.8820754716981132,missing,0.33,,,,,,,
text_classification_reproduction,20260925_200856,8,2,adaptive_tokenizer_confusion_memory,adaptive_tokenizer_confusion_memory,confusion_normalized_bfs_memory=48.9; label_prototype_memory=48.2,51.6,"macro validation / Pareto, then context length",reference_examples\text_classification\evolve_out.log:530,reference_examples\text_classification\evolve_out.log:647,missing,0.17,missing,0.8820754716981132,missing,0.33,,,,,,,
text_classification_reproduction,20260925_200856,9,2,adaptive_tokenizer_confusion_memory,adaptive_tokenizer_confusion_memory,fixed_confusion_memory=50.9; idf_confusion_memory=48.4,51.6,"macro validation / Pareto, then context length",reference_examples\text_classification\evolve_out.log:647,reference_examples\text_classification\evolve_out.log:742,missing,0.17,missing,0.8820754716981132,missing,0.33,,,,,,,
text_classification_reproduction,20260925_200856,10,2,adaptive_tokenizer_confusion_memory,adaptive_tokenizer_confusion_memory,anchor_last_memory=46.0; utility_weighted_memory=45.8,51.6,"macro validation / Pareto, then context length",reference_examples\text_classification\evolve_out.log:742,reference_examples\text_classification\evolve_out.log:834,missing,0.17,missing,0.8820754716981132,missing,0.33,,,,,,,
text_classification_reproduction,20260925_200856,11,2,adaptive_tokenizer_confusion_memory,adaptive_tokenizer_confusion_memory,contrastive_boundary_memory=46.7; cluster_confusion_memory=50.2,51.6,"macro validation / Pareto, then context length",reference_examples\text_classification\evolve_out.log:834,reference_examples\text_classification\evolve_out.log:920,missing,0.17,missing,0.8820754716981132,missing,0.33,,,,,,,
text_classification_reproduction,20260925_200856,12,2,adaptive_tokenizer_confusion_memory,adaptive_tokenizer_confusion_memory,anchor_recency_confusion_memory=45.6; discriminative_similarity_memory=47.8,51.6,"macro validation / Pareto, then context length",reference_examples\text_classification\evolve_out.log:920,reference_examples\text_classification\evolve_out.log:1045,missing,0.17,missing,0.8820754716981132,missing,0.33,,,,,,,
text_classification_reproduction,20260925_200856,13,2,adaptive_tokenizer_confusion_memory,decayed_confusion_memory,unified_confusion_retrieval_memory=49.6; decayed_confusion_memory=52.2,52.2,"macro validation / Pareto, then context length",reference_examples\text_classification\evolve_out.log:1045,reference_examples\text_classification\evolve_out.log:1127,missing,0.17,missing,0.8867924528301887,missing,0.33,,,,,,,
text_classification_reproduction,20260925_200856,14,2,decayed_confusion_memory,decayed_confusion_memory,missed_component_memory=46.9; recent_error_hint_memory=45.6,52.2,"macro validation / Pareto, then context length",reference_examples\text_classification\evolve_out.log:1127,reference_examples\text_classification\evolve_out.log:1231,missing,0.17,missing,0.8867924528301887,missing,0.33,,,,,,,
text_classification_reproduction,20260925_200856,15,2,decayed_confusion_memory,decayed_confusion_memory,two_pass_confusion_memory=49.6; category_cluster_memory=48.9,52.2,"macro validation / Pareto, then context length",reference_examples\text_classification\evolve_out.log:1231,reference_examples\text_classification\evolve_out.log:1431,missing,0.17,missing,0.8867924528301887,missing,0.33,,,,,,,
text_classification_reproduction,20260925_200856,16,2,decayed_confusion_memory,decayed_confusion_memory,hard_buffer_memory=0.0; label_centroid_memory=48.9,52.2,"macro validation / Pareto, then context length",reference_examples\text_classification\evolve_out.log:1431,reference_examples\text_classification\evolve_out.log:1541,missing,0.17,missing,0.8867924528301887,missing,0.33,,,,,,,
text_classification_reproduction,20260925_200856,17,2,decayed_confusion_memory,decayed_confusion_memory,rrf_confusion_memory=42.9; difficulty_sorted_memory=49.6,52.2,"macro validation / Pareto, then context length",reference_examples\text_classification\evolve_out.log:1541,reference_examples\text_classification\evolve_out.log:1643,missing,0.17,missing,0.8867924528301887,missing,0.33,,,,,,,
text_classification_reproduction,20260925_200856,18,2,decayed_confusion_memory,decayed_confusion_memory,reasoning_trace_memory=48.4; error_summary_memory=48.9,52.2,"macro validation / Pareto, then context length",reference_examples\text_classification\evolve_out.log:1643,reference_examples\text_classification\evolve_out.log:1729,missing,0.17,missing,0.8867924528301887,missing,0.33,,,,,,,
text_classification_reproduction,20260925_200856,19,2,decayed_confusion_memory,symmetric_confusion_memory,symmetric_confusion_memory=52.2; per_label_recent_memory=missing_import_failed,52.2,"macro validation / Pareto, then context length",reference_examples\text_classification\evolve_out.log:1729,reference_examples\text_classification\evolve_out.log:1873,missing,0.17,missing,0.8632075471698113,missing,0.34,,,,,,,
text_classification_reproduction,20260925_200856,20,2,symmetric_confusion_memory,missing_contemporaneous_final_snapshot,verbatim_label_memory=47.1; notation_adaptive_memory=52.2,52.2,"macro validation / Pareto, then context length",reference_examples\text_classification\evolve_out.log:1873,reference_examples\text_classification\logs\20260925_200856\frontier_val.json,adaptive_tokenizer_confusion_memory,missing,adaptive_tokenizer_confusion_memory,missing,hard_buffer_memory,missing,notation_adaptive_memory,,,,,,
lawbench_pilot,D0_a,1,2,confusion_disambiguation_memory,reflexion_lesson_memory,confusion_disambiguation_memory=32; cjk_bigram_confusion_memory=38; reflexion_lesson_memory=39,39,"score correct, ties earliest candidate",,,,,,,,,,0,2,2026-10-03T10:40:53.735991+00:00,lawbench_rsi_v3\external\control\D0_a\round1_checkpoint.json,cjk_bigram_confusion_memory=38; reflexion_lesson_memory=39,36.0
lawbench_pilot,D0_a,2,2,reflexion_lesson_memory,reflexion_lesson_memory,confusion_disambiguation_memory=32; cjk_bigram_confusion_memory=38; reflexion_lesson_memory=39; contrastive_error_pair_memory=32; cooccurrence_scaffold_memory=30,39,"score correct, ties earliest candidate",,,,,,,,,,0,4,2026-10-03T14:14:11.099138+00:00,lawbench_rsi_v3\external\control\D0_a\round2_checkpoint.json,contrastive_error_pair_memory=32; cooccurrence_scaffold_memory=30,36.0
lawbench_pilot,D0_b,1,2,confusion_disambiguation_memory,bigram_confusion_memory,confusion_disambiguation_memory=27; bigram_confusion_memory=39; contrastive_correction_memory=37,39,"score correct, ties earliest candidate",,,,,,,,,,0,2,2026-10-03T08:26:33.199308+00:00,lawbench_rsi_v3\external\control\D0_b\round1_checkpoint.json,bigram_confusion_memory=39; contrastive_correction_memory=37,36.0
lawbench_pilot,D0_b,2,2,bigram_confusion_memory,bigram_confusion_memory,confusion_disambiguation_memory=27; bigram_confusion_memory=39; contrastive_correction_memory=37; lesson_memo_memory=31; label_cluster_memory=32,39,"score correct, ties earliest candidate",,,,,,,,,,0,4,2026-10-03T14:30:04.111008+00:00,lawbench_rsi_v3\external\control\D0_b\round2_checkpoint.json,lesson_memo_memory=31; label_cluster_memory=32,36.0
lawbench_pilot,D100_a,1,2,confusion_disambiguation_memory,chinese_bigram_confusion_memory,confusion_disambiguation_memory=26; chinese_bigram_confusion_memory=38; reflexion_lesson_memory=23,38,"score correct, ties earliest candidate",,,,,,,,,,100,2,2026-10-03T10:10:02.788577+00:00,lawbench_rsi_v3\external\control\D100_a\round1_checkpoint.json,chinese_bigram_confusion_memory=38; reflexion_lesson_memory=23,36.0
lawbench_pilot,D100_a,2,2,chinese_bigram_confusion_memory,label_vocab_memory,confusion_disambiguation_memory=26; chinese_bigram_confusion_memory=38; reflexion_lesson_memory=23; label_vocab_memory=43; contrastive_error_memory=36,43,"score correct, ties earliest candidate",,,,,,,,,,100,4,2026-10-04T02:12:08.686683+00:00,lawbench_rsi_v3\external\control\D100_a\round2_checkpoint.json,label_vocab_memory=43; contrastive_error_memory=36,41.0
lawbench_pilot,D100_b,1,2,confusion_disambiguation_memory,label_glossary_memory,confusion_disambiguation_memory=29; cjk_bigram_confusion_memory=41; label_glossary_memory=46,46,"score correct, ties earliest candidate",,,,,,,,,,100,2,2026-10-03T10:04:55.001882+00:00,lawbench_rsi_v3\external\control\D100_b\round1_checkpoint.json,cjk_bigram_confusion_memory=41; label_glossary_memory=46,48.0
lawbench_pilot,D100_b,2,2,label_glossary_memory,label_glossary_memory,confusion_disambiguation_memory=29; cjk_bigram_confusion_memory=41; label_glossary_memory=46; confusion_lesson_memory=41; mmr_diversity_memory=42,46,"score correct, ties earliest candidate",,,,,,,,,,100,4,2026-10-04T02:29:11.705568+00:00,lawbench_rsi_v3\external\control\D100_b\round2_checkpoint.json,confusion_lesson_memory=41; mmr_diversity_memory=42,48.0
lawbench_injected,D100_injected_a,1,2,confusion_disambiguation_memory,confusion_disambiguation_memory,confusion_disambiguation_memory=32; canonical_charge_lexicon_memory=23; act_decomposition_union_memory=4,32,"score correct, ties earliest candidate",,,,,,,,,,100,2,2026-10-05T01:39:57.868684+00:00,lawbench_rsi_v3\external\control\D100_injected_a\round1_checkpoint.json,canonical_charge_lexicon_memory=23; act_decomposition_union_memory=4,"missing; shared H0 frozen repeats, see noise_summary"
lawbench_injected,D100_injected_b,1,2,confusion_disambiguation_memory,label_lexicon_snap_memory,confusion_disambiguation_memory=27; label_lexicon_snap_memory=36; charge_cooccurrence_count_memory=31,36,"score correct, ties earliest candidate",,,,,,,,,,100,2,2026-10-04T15:51:30.283506+00:00,lawbench_rsi_v3\external\control\D100_injected_b\round1_checkpoint.json,label_lexicon_snap_memory=36; charge_cooccurrence_count_memory=31,42.0
