locked_index,item_id,target,prompt_sha256,pass1_status,pass1_prediction,pass1_canonical_prediction_json,pass1_correct,pass1_failure_reason,pass1_tokens,pass1_elapsed_seconds,pass1_thread_id,pass1_turn_id,pass2_status,pass2_prediction,pass2_canonical_prediction_json,pass2_correct,pass2_failure_reason,pass2_tokens,pass2_elapsed_seconds,pass2_thread_id,pass2_turn_id,correctness_transition,canonical_label_flip
0,lawbench_3-3_0481,单位行贿,8c8a9a81a59618313eb294b4df164c47844afc2775024def0962e0a53d4c7a2f,completed,[罪名]单位行贿<eoa>,"[""单位行贿""]",True,,30766,23.875,01a10b06-514c-7861-82c3-17601da472e4,01a10b06-51b1-7303-b46b-2fdf5129ed75,not_sent,,,,,,,,,missing,missing
1,lawbench_3-3_0361,销售假冒注册商标的商品,c06d7186337159393c6bd3ccd295e0bb588555254eff871e0eadd1132fcc5393,completed,[罪名]销售假冒注册商标的商品<eoa>,"[""销售假冒注册商标的商品""]",True,,30838,23.812000000005355,01a10b17-bc43-7631-b9b4-031d80889da7,01a10b17-bccc-7e22-8c26-c287f41a152f,not_sent,,,,,,,,,missing,missing
2,lawbench_3-3_0027,非法持有、私藏枪支、弹药;故意伤害;聚众斗殴,7ed1365e413e691117c50aa564464fce64a084c76ec85cf1572cb4471f25b770,failed,,,,no_completed_final_text,,3.8440000000118744,01a10b18-2f49-75d3-9dd5-2b063c645b72,01a10b18-2fb4-7202-bb89-831d7d18fea6,not_sent,,,,,,,,,missing,missing
3,lawbench_3-3_0385,破坏电力设备,2bd30d2cb2c1cb74009c966375ce4bd4eee6e7ec1c78a9a422846ee56e508483,not_sent,,,,,,,,,not_sent,,,,,,,,,missing,missing
4,lawbench_3-3_0226,非法种植毒品原植物,25134231e9b5b323e80019ae06ecfdb8a233cae469a1f81ec0d56fcbe10ffcb3,not_sent,,,,,,,,,not_sent,,,,,,,,,missing,missing
5,lawbench_3-3_0200,失火,9d2ccc9a73dbd33e0403073509fa8086f7a15d8f5a51717aa3657c7c22775a6c,not_sent,,,,,,,,,not_sent,,,,,,,,,missing,missing
6,lawbench_3-3_0025,合同诈骗,9176bef4e485399f1db019d44ece4a85a1e1be282b4ecf5a3b713c6d894d6ff8,not_sent,,,,,,,,,not_sent,,,,,,,,,missing,missing
7,lawbench_3-3_0118,虚开增值税专用发票、用于骗取出口退税、抵扣税款发票;持有伪造的发票,94e383dad31a69d55586566b8723859034f6d2780cb5cfdd03bf38a7e2aa838a,not_sent,,,,,,,,,not_sent,,,,,,,,,missing,missing
8,lawbench_3-3_0450,非法采伐、毁坏国家重点保护植物,3eb98052fc5616596156955f1995a21546ea415800c7b72557a5e915c803c7e5,not_sent,,,,,,,,,not_sent,,,,,,,,,missing,missing
9,lawbench_3-3_0241,赌博;开设赌场,d2468a79a5f4894c4d3e4408ba357b810f054b8e85d8855ee567b893a6af08a8,not_sent,,,,,,,,,not_sent,,,,,,,,,missing,missing
10,lawbench_3-3_0410,聚众扰乱社会秩序,a75651479cd7320483c825c18002c4324558ab83a7d52c7869d81f1addefefc2,not_sent,,,,,,,,,not_sent,,,,,,,,,missing,missing
11,lawbench_3-3_0469,伪造、变造、买卖国家机关公文、证件、印章,78b2f0e8b67bed681ccd72cace072e206cc6cfd050ddb2a950c19b454fe07ba2,not_sent,,,,,,,,,not_sent,,,,,,,,,missing,missing
12,lawbench_3-3_0437,生产、销售伪劣产品,c53ff31523103e58635b38ff08765dd72afa80b1e5c4d58205d714a88b8910bd,not_sent,,,,,,,,,not_sent,,,,,,,,,missing,missing
13,lawbench_3-3_0497,非法采伐、毁坏国家重点保护植物,6ef6f1d564b6446e1002517c4856dd07953847450269662c694b751125992911,not_sent,,,,,,,,,not_sent,,,,,,,,,missing,missing
14,lawbench_3-3_0240,窝藏、包庇,780790df77bfdf8e92e4fac13b1beed7b61b5805d8c8ff99432b9c37dc280563,not_sent,,,,,,,,,not_sent,,,,,,,,,missing,missing
15,lawbench_3-3_0168,重大劳动安全事故;危险驾驶,30b5df8876b14b5d49069b50c75c60f2a228bc602603ac7b2d89f7f240e76bf2,not_sent,,,,,,,,,not_sent,,,,,,,,,missing,missing
16,lawbench_3-3_0364,放火,e34e3e2d2254afc0540c3faadb9a863936629d178ccf6c122b65d1375bcb7721,not_sent,,,,,,,,,not_sent,,,,,,,,,missing,missing
17,lawbench_3-3_0103,盗窃、抢夺枪支、弹药、爆炸物;盗窃、抢夺枪支、弹药、爆炸物、危险物质,d0b56fb97b5213621aa1d65b09ae73273270668ca17e3b0ad0c8d320b2c6b2fe,not_sent,,,,,,,,,not_sent,,,,,,,,,missing,missing
18,lawbench_3-3_0371,职务侵占;贪污,6189c4c1be8cbe51649ee48cdeaa35a62a2bff015caf0cd6565033a6bcd96419,not_sent,,,,,,,,,not_sent,,,,,,,,,missing,missing
19,lawbench_3-3_0266,敲诈勒索,ba1418da70eab78c904f1805d6ef8eb8ae9f047e8956a148eabafcc04602e9b2,not_sent,,,,,,,,,not_sent,,,,,,,,,missing,missing
