run_id,T,D,slot,candidate,valid,score_pp,audit_pp,legacy_score_correct,new_score_correct
D0_a,1,0,A,cjk_bigram_confusion_memory,True,38.0,39.0,16,22
D0_a,1,0,B,reflexion_lesson_memory,True,39.0,36.0,18,21
D0_a,2,0,A,contrastive_error_pair_memory,True,32.0,30.0,16,16
D0_a,2,0,B,cooccurrence_scaffold_memory,True,30.0,27.0,15,15
D0_b,1,0,A,bigram_confusion_memory,True,39.0,36.0,19,20
D0_b,1,0,B,contrastive_correction_memory,True,37.0,33.0,16,21
D0_b,2,0,A,lesson_memo_memory,True,31.0,25.0,15,16
D0_b,2,0,B,label_cluster_memory,True,32.0,31.0,13,19
D100_a,1,100,A,chinese_bigram_confusion_memory,True,38.0,36.0,17,21
D100_a,1,100,B,reflexion_lesson_memory,True,23.0,25.0,10,13
D100_a,2,100,A,label_vocab_memory,True,43.0,41.0,20,23
D100_a,2,100,B,contrastive_error_memory,True,36.0,37.0,14,22
D100_b,1,100,A,cjk_bigram_confusion_memory,True,41.0,36.0,18,23
D100_b,1,100,B,label_glossary_memory,True,46.0,48.0,22,24
D100_b,2,100,A,confusion_lesson_memory,True,41.0,45.0,21,20
D100_b,2,100,B,mmr_diversity_memory,True,42.0,46.0,20,22
