run_id,T,D,source_candidate,phase,available_items,attempted_reads,failed_reads,visible_item_ids,complete_diagnostic_rows_returned,note
D0_a,1,0,confusion_disambiguation_memory,feedback,0,0,0,0,0,Returned text measures visibility; it does not prove how the optimizer used each item.
D0_a,1,0,confusion_disambiguation_memory,score,100,3,1,50,50,Returned text measures visibility; it does not prove how the optimizer used each item.
D0_a,2,0,cjk_bigram_confusion_memory,feedback,0,0,0,0,0,Returned text measures visibility; it does not prove how the optimizer used each item.
D0_a,2,0,cjk_bigram_confusion_memory,score,100,0,0,0,0,Returned text measures visibility; it does not prove how the optimizer used each item.
D0_a,2,0,confusion_disambiguation_memory,feedback,0,0,0,0,0,Returned text measures visibility; it does not prove how the optimizer used each item.
D0_a,2,0,confusion_disambiguation_memory,score,100,0,0,0,0,Returned text measures visibility; it does not prove how the optimizer used each item.
D0_a,2,0,reflexion_lesson_memory,feedback,0,0,0,0,0,Returned text measures visibility; it does not prove how the optimizer used each item.
D0_a,2,0,reflexion_lesson_memory,score,100,3,1,59,59,Returned text measures visibility; it does not prove how the optimizer used each item.
D0_b,1,0,confusion_disambiguation_memory,feedback,0,0,0,0,0,Returned text measures visibility; it does not prove how the optimizer used each item.
D0_b,1,0,confusion_disambiguation_memory,score,100,2,1,30,30,Returned text measures visibility; it does not prove how the optimizer used each item.
D0_b,2,0,bigram_confusion_memory,feedback,0,0,0,0,0,Returned text measures visibility; it does not prove how the optimizer used each item.
D0_b,2,0,bigram_confusion_memory,score,100,2,1,30,30,Returned text measures visibility; it does not prove how the optimizer used each item.
D0_b,2,0,confusion_disambiguation_memory,feedback,0,0,0,0,0,Returned text measures visibility; it does not prove how the optimizer used each item.
D0_b,2,0,confusion_disambiguation_memory,score,100,0,0,0,0,Returned text measures visibility; it does not prove how the optimizer used each item.
D0_b,2,0,contrastive_correction_memory,feedback,0,0,0,0,0,Returned text measures visibility; it does not prove how the optimizer used each item.
D0_b,2,0,contrastive_correction_memory,score,100,1,0,30,30,Returned text measures visibility; it does not prove how the optimizer used each item.
D100_a,1,100,confusion_disambiguation_memory,feedback,100,1,0,15,15,Returned text measures visibility; it does not prove how the optimizer used each item.
D100_a,1,100,confusion_disambiguation_memory,score,100,2,0,49,49,Returned text measures visibility; it does not prove how the optimizer used each item.
D100_a,2,100,chinese_bigram_confusion_memory,feedback,100,1,0,20,20,Returned text measures visibility; it does not prove how the optimizer used each item.
D100_a,2,100,chinese_bigram_confusion_memory,score,100,4,0,99,99,Returned text measures visibility; it does not prove how the optimizer used each item.
D100_a,2,100,confusion_disambiguation_memory,feedback,100,0,0,0,0,Returned text measures visibility; it does not prove how the optimizer used each item.
D100_a,2,100,confusion_disambiguation_memory,score,100,0,0,0,0,Returned text measures visibility; it does not prove how the optimizer used each item.
D100_a,2,100,reflexion_lesson_memory,feedback,100,0,0,0,0,Returned text measures visibility; it does not prove how the optimizer used each item.
D100_a,2,100,reflexion_lesson_memory,score,100,0,0,0,0,Returned text measures visibility; it does not prove how the optimizer used each item.
D100_b,1,100,confusion_disambiguation_memory,feedback,100,1,1,0,0,Returned text measures visibility; it does not prove how the optimizer used each item.
D100_b,1,100,confusion_disambiguation_memory,score,100,3,2,25,25,Returned text measures visibility; it does not prove how the optimizer used each item.
D100_b,2,100,cjk_bigram_confusion_memory,feedback,100,0,0,0,0,Returned text measures visibility; it does not prove how the optimizer used each item.
D100_b,2,100,cjk_bigram_confusion_memory,score,100,0,0,0,0,Returned text measures visibility; it does not prove how the optimizer used each item.
D100_b,2,100,confusion_disambiguation_memory,feedback,100,0,0,0,0,Returned text measures visibility; it does not prove how the optimizer used each item.
D100_b,2,100,confusion_disambiguation_memory,score,100,0,0,0,0,Returned text measures visibility; it does not prove how the optimizer used each item.
D100_b,2,100,label_glossary_memory,feedback,100,2,0,59,59,Returned text measures visibility; it does not prove how the optimizer used each item.
D100_b,2,100,label_glossary_memory,score,100,1,0,30,30,Returned text measures visibility; it does not prove how the optimizer used each item.
