run_id,candidate,round,D,phase,total_items,wall_seconds,logical_calls,api_requests,cache_hits,input_tokens,output_tokens,cost_usd,reported_usd,estimated_usd,failed_api_requests,unreported_failed_cost_count,nonbillable_credit_rejections,incomplete_attempts,retry_attempts,cost_source,provider_usage
D0_a,cjk_bigram_confusion_memory,1,0,feedback,0,0.14100000000325963,0,0,0,0,0,0,0,0,0,0,0,[],0,,
D0_a,cjk_bigram_confusion_memory,1,0,score,100,187.34400000001187,100,100,0,2522083,51076,0.13485211799999997,0.13485211799999997,0,0,0,0,[],0,,
D0_a,cjk_bigram_confusion_memory,1,0,train,200,1315.3280000000086,201,201,0,4191819,104777,0.26943935,0.26943935,0,1,1,0,[],0,,
D0_a,confusion_disambiguation_memory,0,0,feedback,0,0.030999999988125637,0,0,0,0,0,0,0,0,0,0,0,[],0,,
D0_a,confusion_disambiguation_memory,0,0,score,100,80.45300000000861,100,100,0,2534513,44480,0.130277472,0.130277472,0,0,0,0,[],0,,
D0_a,contrastive_error_pair_memory,2,0,score,100,89.28099999998813,100,100,0,2433228,54169,0.13682168600000003,0.13682168600000003,0,0,0,0,[],0,,
D0_a,contrastive_error_pair_memory,2,0,train,200,2867.780999999988,200,200,0,4182196,124725,0.253733753,0.253733753,0,0,0,0,[],0,,
D0_a,cooccurrence_scaffold_memory,2,0,score,100,98.75,100,101,0,2442275,47603,0.12876598599999994,0.12876598599999994,0,1,1,0,[],1,,
D0_a,cooccurrence_scaffold_memory,2,0,train,200,2393.7660000000087,201,201,0,4089747,103398,0.22294639799999982,0.22294639799999982,0,1,1,0,[],0,,
D0_a,reflexion_lesson_memory,1,0,feedback,0,0.10899999999674037,0,0,0,0,0,0,0,0,0,0,0,[],0,,
D0_a,reflexion_lesson_memory,1,0,score,100,71.7039999999979,100,100,0,2786651,52035,0.248392843,0.248392843,0,0,0,0,[],0,,
D0_a,reflexion_lesson_memory,1,0,train,200,2951.1879999999946,321,322,0,4719938,137611,0.2614184619999999,0.2614184619999999,0,1,1,0,[],1,,
D0_b,bigram_confusion_memory,1,0,feedback,0,0.14100000000325963,0,0,0,0,0,0,0,0,0,0,0,[],0,,
D0_b,bigram_confusion_memory,1,0,score,100,86.31200000000536,100,100,0,2514027,45938,0.14119399800000004,0.14119399800000004,0,0,0,0,[],0,,
D0_b,bigram_confusion_memory,1,0,train,200,2228.2660000000033,200,200,0,4176021,94887,0.24548857599999996,0.24548857599999996,0,0,0,0,[],0,,
D0_b,confusion_disambiguation_memory,0,0,feedback,0,0.030999999988125637,0,0,0,0,0,0,0,0,0,0,0,[],0,,
D0_b,confusion_disambiguation_memory,0,0,score,100,96.75,100,100,0,2534519,45807,0.13021068900000002,0.13021068900000002,0,0,0,0,[],0,,
D0_b,contrastive_correction_memory,1,0,feedback,0,0.34399999998277053,0,0,0,0,0,0,0,0,0,0,0,[],0,,
D0_b,contrastive_correction_memory,1,0,score,100,101.43700000000536,100,100,0,817991,46576,0.05024648000000001,0.05024648000000001,0,0,0,0,[],0,,
D0_b,contrastive_correction_memory,1,0,train,200,1840.5780000000086,200,200,0,1537310,101653,0.10345474499999999,0.10345474499999999,0,0,0,0,[],0,,
D0_b,label_cluster_memory,2,0,score,100,105.17199999999957,100,100,0,490600,56090,0.038057326000000016,0.038057326000000016,0,0,0,0,[],0,,
D0_b,label_cluster_memory,2,0,train,200,2746.0630000000006,201,201,0,890041,121611,0.07703693800000004,0.07703693800000004,0,1,1,0,[],0,,
D0_b,lesson_memo_memory,2,0,score,100,82.84400000001187,100,100,0,530039,46199,0.03843969,0.03843969,0,0,0,0,[],0,,
D0_b,lesson_memo_memory,2,0,train,200,1941.9060000000172,228,227,1,1021730,109631,0.08207704999999996,0.08207704999999996,0,0,0,0,[],0,,
D100_a,chinese_bigram_confusion_memory,1,100,feedback,100,110.07799999999952,100,100,0,2501041,42961,0.12216631999999995,0.12216631999999995,0,0,0,0,[],0,,
D100_a,chinese_bigram_confusion_memory,1,100,score,100,85.375,100,100,0,2514031,44215,0.14104898299999996,0.14104898299999996,0,0,0,0,[],0,,
D100_a,chinese_bigram_confusion_memory,1,100,train,200,2329.375,200,200,0,4178734,94143,0.23234617300000004,0.23234617300000004,0,0,0,0,[],0,,
D100_a,confusion_disambiguation_memory,0,100,feedback,100,70.48499999998603,100,100,0,2524550,47918,0.12932229599999995,0.12932229599999995,0,0,0,0,[],0,,
D100_a,confusion_disambiguation_memory,0,100,score,100,102.15599999998813,100,100,0,2534561,45668,0.1679935889999999,0.1679935889999999,0,0,0,0,[],0,,
D100_a,contrastive_error_memory,2,100,score,100,103.875,100,100,0,2207866,50486,0.11752314600000002,0.11752314600000002,0,0,0,0,[],0,,
D100_a,contrastive_error_memory,2,100,train,200,542.0930000000008,201,201,0,3753733,97538,0.225151651,0.225151651,0,1,1,0,[],0,,
D100_a,label_vocab_memory,2,100,score,100,135.34400000000096,100,100,0,2316044,53863,0.12663535900000006,0.12663535900000006,0,0,0,0,[],0,,
D100_a,label_vocab_memory,2,100,train,200,2507.125,200,200,0,3871993,111467,0.2425567259999999,0.2425567259999999,0,0,0,0,[],0,,
D100_a,reflexion_lesson_memory,1,100,feedback,100,66.98399999999947,100,100,0,77277,43547,0.017372178,0.017372178,0,0,0,0,[],0,,
D100_a,reflexion_lesson_memory,1,100,score,100,81.81200000000536,100,100,0,86015,42287,0.016235536999999998,0.016235536999999998,0,0,0,0,[],0,,
D100_a,reflexion_lesson_memory,1,100,train,200,2395.4219999999914,346,346,0,246920,133185,0.049884155000000006,0.049884155000000006,0,0,0,0,[],0,,
D100_b,cjk_bigram_confusion_memory,1,100,feedback,100,226.82799999999952,100,100,0,2501027,53643,0.14487036200000009,0.14487036200000009,0,0,0,0,[],0,,
D100_b,cjk_bigram_confusion_memory,1,100,score,100,84.81200000000536,100,100,0,2513973,46153,0.15375544700000005,0.15375544700000005,0,0,0,0,[],0,,
D100_b,cjk_bigram_confusion_memory,1,100,train,200,2146.3279999999795,200,200,0,4178775,91547,0.21408252799999997,0.21408252799999997,0,0,0,0,[],0,,
D100_b,confusion_disambiguation_memory,0,100,feedback,100,90.60900000002584,100,100,0,2524430,44807,0.14188424000000008,0.14188424000000008,0,0,0,0,[],0,,
D100_b,confusion_disambiguation_memory,0,100,score,100,70.29700000002049,100,100,0,2534521,46794,0.134075794,0.134075794,0,0,0,0,[],0,,
D100_b,confusion_lesson_memory,2,100,score,100,114.95299999999952,100,100,0,1809020,50964,0.11539328900000001,0.11539328900000001,0,0,0,0,[],0,,
D100_b,confusion_lesson_memory,2,100,train,200,2981.813,357,354,3,3169611,138553,0.17877140900000002,0.17877140900000002,0,0,0,0,[],0,,
D100_b,label_glossary_memory,1,100,feedback,100,115.3119999999999,100,100,0,2120219,45518,0.12721866099999993,0.12721866099999993,0,0,0,0,[],0,,
D100_b,label_glossary_memory,1,100,score,100,84.625,100,100,0,2127028,47694,0.10802512800000004,0.10802512800000004,0,0,0,0,[],0,,
D100_b,label_glossary_memory,1,100,train,200,2026.1879999999946,200,199,1,3605210,99893,0.213238343,0.213238343,0,0,0,0,[],0,,
D100_b,mmr_diversity_memory,2,100,score,100,202.0,100,100,0,2061638,43868,0.10315099600000005,0.10315099600000005,0,0,0,0,[],0,,
D100_b,mmr_diversity_memory,2,100,train,200,1459.452999999994,201,196,5,3568237,104991,0.209603318,0.209603318,0,1,1,0,[],0,,
D0_a,cjk_bigram_confusion_memory,1,0,audit,100,79.0789999999979,100,100,0,2521268,46300,0.145650306,0.145650306,0,0,0,0,[],0,,
D0_a,contrastive_error_pair_memory,2,0,audit,100,116.57800000000043,100,100,0,2431985,57910,0.15675196800000002,0.15675196800000002,0,0,0,0,[],0,,
D0_a,cooccurrence_scaffold_memory,2,0,audit,100,116.98400000000038,100,100,0,2447559,57189,0.14424790699999998,0.14424790699999998,0,0,0,0,[],0,,
D0_a,reflexion_lesson_memory,1,0,audit,100,80.4210000000021,100,100,0,2788706,50627,0.28294768299999995,0.28294768299999995,0,0,0,0,[],0,,
D0_b,bigram_confusion_memory,1,0,audit,100,66.53100000001723,100,100,0,2512822,43947,0.15251625300000005,0.15251625300000005,0,0,0,0,[],0,,
D0_b,contrastive_correction_memory,1,0,audit,100,71.28099999998813,100,100,0,804425,49620,0.04971754799999998,0.04971754799999998,0,0,0,0,[],0,,
D0_b,label_cluster_memory,2,0,audit,100,110.26599999999962,100,100,0,489370,62951,0.042990191,0.042990191,0,0,0,0,[],0,,
D0_b,lesson_memo_memory,2,0,audit,100,107.6869999999999,100,100,0,527020,54242,0.05202793599999999,0.05202793599999999,0,0,0,0,[],0,,
D100_a,chinese_bigram_confusion_memory,1,100,audit,100,85.375,100,100,0,2512875,46676,0.15306858999999992,0.15306858999999992,0,0,0,0,[],0,,
D100_a,contrastive_error_memory,2,100,audit,100,134.82800000000134,100,100,0,2206669,49454,0.11913022699999994,0.11913022699999994,0,0,0,0,[],0,,
D100_a,label_vocab_memory,2,100,audit,100,830.0940000000046,100,100,0,2314445,76531,0.12351292500000004,0.12351292500000004,0,0,0,0,[],0,,
D100_a,reflexion_lesson_memory,1,100,audit,100,85.35899999999674,100,100,0,85074,44211,0.017264019999999998,0.017264019999999998,0,0,0,0,[],0,,
D100_b,cjk_bigram_confusion_memory,1,100,audit,100,117.03099999998813,100,100,0,2512758,44610,0.16152799000000004,0.16152799000000004,0,0,0,0,[],0,,
D100_b,confusion_lesson_memory,2,100,audit,100,117.01499999999942,100,100,0,1818362,60739,0.10638573500000002,0.10638573500000002,0,0,0,0,[],0,,
D100_b,label_glossary_memory,1,100,audit,100,91.68799999999464,100,100,0,2126584,47305,0.14267337800000002,0.14267337800000002,0,0,0,0,[],0,,
D100_b,mmr_diversity_memory,2,100,audit,100,174.875,100,100,0,2057804,44766,0.124085713,0.124085713,0,0,0,0,[],0,,
noise_R12B_1,discriminative_similarity_memory,0,0,audit,100,56.0,100,100,0,2513170,45188,0.14158033800000003,0.14158033800000003,0,0,0,0,[],0,,
noise_R12B_1,discriminative_similarity_memory,0,0,score,100,79.32800000000861,100,100,0,2514667,42615,0.13961087399999997,0.13961087399999997,0,0,0,0,[],0,,
noise_R12B_2,discriminative_similarity_memory,0,0,audit,100,78.21799999999348,100,100,0,2513105,43241,0.123876379,0.123876379,0,0,0,0,[],0,,
noise_R12B_2,discriminative_similarity_memory,0,0,score,100,69.64100000000326,100,100,0,2514581,47167,0.13085265900000004,0.13085265900000004,0,0,0,0,[],0,,
noise_R4B_1,confusion_disambiguation_memory,0,0,audit,100,79.15599999998813,100,100,0,2532683,50035,0.12242221700000004,0.12242221700000004,0,0,0,0,[],0,,
noise_R4B_1,confusion_disambiguation_memory,0,0,score,100,72.1250000000291,118,118,0,2534501,47869,0.13025029000000002,0.13025029000000002,0,18,0,18,[],0,,
noise_R4B_2,confusion_disambiguation_memory,0,0,audit,100,62.35899999999674,100,100,0,2532696,47763,0.15204773200000005,0.15204773200000005,0,0,0,0,[],0,,
noise_R4B_2,confusion_disambiguation_memory,0,0,score,100,71.15600000001723,117,117,0,2534502,47895,0.12748907399999998,0.12748907399999998,0,17,0,17,[],0,,
noise_R7A_1,adaptive_tokenizer_confusion_memory,0,0,audit,100,99.375,100,100,0,2507389,47120,0.14203832299999994,0.14203832299999994,0,0,0,0,[],0,,
noise_R7A_1,adaptive_tokenizer_confusion_memory,0,0,score,100,66.0,100,100,0,2507961,44602,0.133034416,0.133034416,0,0,0,0,[],0,,
noise_R7A_2,adaptive_tokenizer_confusion_memory,0,0,audit,100,83.10899999999674,100,100,0,2507323,46578,0.12883768400000006,0.12883768400000006,0,0,0,0,[],0,,
noise_R7A_2,adaptive_tokenizer_confusion_memory,0,0,score,100,61.98499999998603,100,100,0,2507958,46508,0.13335420700000006,0.13335420700000006,0,0,0,0,[],0,,
D0_b,,1,0,proposer,,393.6941976547241,20,20,0,3027,53435,1.7294402000000002,,,0,,,,,claude_cli_log_estimate,"{'input_tokens': 3027, 'output_tokens': 53435, 'cache_creation_input_tokens': 102827, 'cache_read_input_tokens': 672486}"
D0_a,,1,0,proposer,,430.12744903564453,18,18,0,2051,60619,1.8543314,,,0,,,,,claude_cli_log_estimate,"{'input_tokens': 2051, 'output_tokens': 60619, 'cache_creation_input_tokens': 101505, 'cache_read_input_tokens': 631112}"
D0_a,,1,0,proposer,,516.1602592468262,20,20,0,2780,59878,2.3568860000000003,,,0,,,,,claude_cli_log_estimate,"{'input_tokens': 2780, 'output_tokens': 59878, 'cache_creation_input_tokens': 170801, 'cache_read_input_tokens': 1471005}"
D0_b,,1,0,proposer,,538.9549899101257,25,25,0,2986,56538,2.826558,,,0,,,,,claude_cli_log_estimate,"{'input_tokens': 2986, 'output_tokens': 56538, 'cache_creation_input_tokens': 241822, 'cache_read_input_tokens': 2373720}"
D100_a,,1,100,proposer,,768.7577042579651,23,24,0,4275,91592,4.152743599999999,,,0,,,,,claude_cli_log_estimate,"{'input_tokens': 4275, 'output_tokens': 91592, 'cache_creation_input_tokens': 330327, 'cache_read_input_tokens': 1671790}"
D0_b,,1,0,proposer,,474.4272928237915,20,20,0,3962,50665,2.5663940000000003,,,0,,,,,claude_cli_log_estimate,"{'input_tokens': 3962, 'output_tokens': 50665, 'cache_creation_input_tokens': 231723, 'cache_read_input_tokens': 1893155}"
D0_a,,1,0,proposer,,562.3143537044525,21,22,0,3439,59365,3.5722732,,,0,,,,,claude_cli_log_estimate,"{'input_tokens': 3439, 'output_tokens': 59365, 'cache_creation_input_tokens': 353564, 'cache_read_input_tokens': 1536441}"
D100_b,,1,100,proposer,,450.9016191959381,21,21,0,2664,46766,2.5407796,,,0,,,,,claude_cli_log_estimate,"{'input_tokens': 2664, 'output_tokens': 46766, 'cache_creation_input_tokens': 247408, 'cache_read_input_tokens': 1788818}"
D100_a,,1,100,proposer,,457.91686177253723,17,18,0,2040,45927,3.1888578,,,0,,,,,claude_cli_log_estimate,"{'input_tokens': 2040, 'output_tokens': 45927, 'cache_creation_input_tokens': 337301, 'cache_read_input_tokens': 1381698}"
D0_a,,2,0,proposer,,980.4195892810822,23,25,0,1906,92497,6.036676,,,0,,,,,claude_cli_log_estimate,"{'input_tokens': 1906, 'output_tokens': 92497, 'cache_creation_input_tokens': 718471, 'cache_read_input_tokens': 1490859}"
D0_b,,2,0,proposer,,1020.8963830471039,28,29,0,3243,104212,6.007188,,,0,,,,,claude_cli_log_estimate,"{'input_tokens': 3243, 'output_tokens': 104212, 'cache_creation_input_tokens': 653367, 'cache_read_input_tokens': 1775188}"
D100_a,,2,100,proposer,,847.9196674823761,31,32,0,4766,65971,4.842631000000002,,,0,,,,,claude_cli_log_estimate,"{'input_tokens': 4766, 'output_tokens': 65971, 'cache_creation_input_tokens': 523778, 'cache_read_input_tokens': 2283869}"
D100_b,,2,100,proposer,,749.0824971199036,29,30,0,3860,62344,5.204561199999999,,,0,,,,,claude_cli_log_estimate,"{'input_tokens': 3860, 'output_tokens': 62344, 'cache_creation_input_tokens': 632445, 'cache_read_input_tokens': 1973774}"
