alias,round,candidate,status,raw_recorded_score_pp,recovered_after_search
B0,0,fewshot_all,baseline,,
C01,1,contrastive_error_memory,recorded_evaluation,36.0,False
C02,1,reflexion_memory,recorded_evaluation,29.3,False
C03,2,label_balanced_memory,recorded_evaluation,44.7,False
C04,2,similarity_retrieval_memory,recorded_evaluation,45.6,False
C05,3,label_champion_memory,recorded_evaluation,46.2,False
C06,3,mmr_memory,recorded_evaluation,45.8,False
C07,4,label_aware_prompt_memory,recorded_evaluation,43.8,False
C08,4,confusion_disambiguation_memory,recorded_evaluation,47.6,False
C09,5,confusion_mmr_memory,recorded_evaluation,46.9,False
C10,5,difficulty_weighted_mmr_memory,recorded_evaluation,40.9,False
C11,6,ngram_confusion_memory,recorded_evaluation,47.3,False
C12,6,label_grouped_memory,recorded_evaluation,47.8,False
C13,7,adaptive_tokenizer_confusion_memory,recorded_evaluation,51.6,False
C14,7,llm_rule_synthesis_memory,recorded_evaluation,44.0,False
C15,8,confusion_normalized_bfs_memory,recorded_evaluation,48.9,False
C16,8,label_prototype_memory,recorded_evaluation,48.2,False
C17,9,fixed_confusion_memory,recorded_evaluation,50.9,False
C18,9,idf_confusion_memory,recorded_evaluation,48.4,False
C19,10,anchor_last_memory,recorded_evaluation,46.0,False
C20,10,utility_weighted_memory,recorded_evaluation,45.8,False
C21,11,contrastive_boundary_memory,recorded_evaluation,46.7,False
C22,11,cluster_confusion_memory,recorded_evaluation,50.2,False
C23,12,anchor_recency_confusion_memory,recorded_evaluation,45.6,False
C24,12,discriminative_similarity_memory,recorded_evaluation,47.8,False
C25,13,unified_confusion_retrieval_memory,recorded_evaluation,49.6,False
C26,13,decayed_confusion_memory,recorded_evaluation,52.2,False
C27,14,missed_component_memory,recorded_evaluation,46.9,False
C28,14,recent_error_hint_memory,recorded_evaluation,45.6,False
C29,15,two_pass_confusion_memory,recorded_evaluation,49.6,False
C30,15,category_cluster_memory,recorded_evaluation,48.9,False
C31,16,hard_buffer_memory,benchmark_failed_logged_zero,0.0,True
C32,16,label_centroid_memory,recorded_evaluation,48.9,False
C33,17,rrf_confusion_memory,recorded_evaluation,42.9,False
C34,17,difficulty_sorted_memory,recorded_evaluation,49.6,False
C35,18,reasoning_trace_memory,recorded_evaluation,48.4,False
C36,18,error_summary_memory,recorded_evaluation,48.9,False
C37,19,symmetric_confusion_memory,recorded_evaluation,52.2,False
C38,19,per_label_recent_memory,import_failed_no_score,missing_import_failed,True
C39,20,verbatim_label_memory,recorded_evaluation,47.1,False
C40,20,notation_adaptive_memory,recorded_evaluation,52.2,False
