policy,dataset,delta_pp_exact_fraction,delta_pp,lower_by_ge_1pp,lower_by_ge_2pp,lower_by_ge_5pp
Reference-19,USPTO,0,0.0,False,False,False
Reference-19,Symptom2Disease,0,0.0,False,False,False
Reference-19,LawBench,0,0.0,False,False,False
Fixed-10,USPTO,0,0.0,False,False,False
Fixed-10,Symptom2Disease,100/53,1.8867924528301887,False,False,False
Fixed-10,LawBench,-1,-1.0,True,False,False
Patience-3 delta0,USPTO,0,0.0,False,False,False
Patience-3 delta0,Symptom2Disease,100/53,1.8867924528301887,False,False,False
Patience-3 delta0,LawBench,-1,-1.0,True,False,False
Patience-3 delta2pp,USPTO,-1,-1.0,True,False,False
Patience-3 delta2pp,Symptom2Disease,-75/53,-1.4150943396226414,True,False,False
Patience-3 delta2pp,LawBench,4,4.0,False,False,False
