group,run_id,round,D,incumbent,score_pp,checkpoint_time_utc,selection_source,audit_pp,audit_basis,audit_measurement_round,audit_source,new_independent_audit,audit_repeat_pp
lawbench_pilot,D0_a,1,0,reflexion_lesson_memory,39.0,2026-10-03T10:40:53.735991+00:00,lawbench_rsi_v3\external\control\D0_a\round1_checkpoint.json,36.0,existing_fixed_incumbent_audit,1,lawbench_rsi_v3\external\audit\D0_a\reflexion_lesson_memory\result.json,False,
lawbench_pilot,D0_a,2,0,reflexion_lesson_memory,39.0,2026-10-03T14:14:11.099138+00:00,lawbench_rsi_v3\external\control\D0_a\round2_checkpoint.json,36.0,existing_fixed_incumbent_audit,1,lawbench_rsi_v3\external\audit\D0_a\reflexion_lesson_memory\result.json,False,
lawbench_pilot,D0_b,1,0,bigram_confusion_memory,39.0,2026-10-03T08:26:33.199308+00:00,lawbench_rsi_v3\external\control\D0_b\round1_checkpoint.json,36.0,existing_fixed_incumbent_audit,1,lawbench_rsi_v3\external\audit\D0_b\bigram_confusion_memory\result.json,False,
lawbench_pilot,D0_b,2,0,bigram_confusion_memory,39.0,2026-10-03T14:30:04.111008+00:00,lawbench_rsi_v3\external\control\D0_b\round2_checkpoint.json,36.0,existing_fixed_incumbent_audit,1,lawbench_rsi_v3\external\audit\D0_b\bigram_confusion_memory\result.json,False,
lawbench_pilot,D100_a,1,100,chinese_bigram_confusion_memory,38.0,2026-10-03T10:10:02.788577+00:00,lawbench_rsi_v3\external\control\D100_a\round1_checkpoint.json,36.0,existing_fixed_incumbent_audit,1,lawbench_rsi_v3\external\audit\D100_a\chinese_bigram_confusion_memory\result.json,False,
lawbench_pilot,D100_a,2,100,label_vocab_memory,43.0,2026-10-04T02:12:08.686683+00:00,lawbench_rsi_v3\external\control\D100_a\round2_checkpoint.json,41.0,existing_fixed_incumbent_audit,2,lawbench_rsi_v3\external\audit\D100_a\label_vocab_memory\result.json,False,
lawbench_pilot,D100_b,1,100,label_glossary_memory,46.0,2026-10-03T10:04:55.001882+00:00,lawbench_rsi_v3\external\control\D100_b\round1_checkpoint.json,48.0,existing_fixed_incumbent_audit,1,lawbench_rsi_v3\external\audit\D100_b\label_glossary_memory\result.json,False,
lawbench_pilot,D100_b,2,100,label_glossary_memory,46.0,2026-10-04T02:29:11.705568+00:00,lawbench_rsi_v3\external\control\D100_b\round2_checkpoint.json,48.0,existing_fixed_incumbent_audit,1,lawbench_rsi_v3\external\audit\D100_b\label_glossary_memory\result.json,False,
lawbench_injected,D100_injected_a,1,100,confusion_disambiguation_memory,32.0,2026-10-05T01:39:57.868684+00:00,lawbench_rsi_v3\external\control\D100_injected_a\round1_checkpoint.json,27.5,shared_H0_existing_two_repeats,,,False,29;26
lawbench_injected,D100_injected_b,1,100,label_lexicon_snap_memory,36.0,2026-10-04T15:51:30.283506+00:00,lawbench_rsi_v3\external\control\D100_injected_b\round1_checkpoint.json,42.0,existing_fixed_incumbent_audit,1,lawbench_rsi_v3\external\audit\D100_injected_b\label_lexicon_snap_memory\result.json,False,
