policy,round,V,anchor_before,anchor_after,reset,count,stop,decision
delta0,1,43.77777777777777,,43.77777777777777,False,0,False,initialize
delta0,2,45.555555555555564,43.77777777777777,45.555555555555564,True,0,False,reset
delta0,3,46.22222222222223,45.555555555555564,46.22222222222223,True,0,False,reset
delta0,4,47.555555555555564,46.22222222222223,47.555555555555564,True,0,False,reset
delta0,5,47.555555555555564,47.555555555555564,47.555555555555564,False,1,False,no_reset
delta0,6,47.77777777777777,47.555555555555564,47.77777777777777,True,0,False,reset
delta0,7,51.555555555555564,47.77777777777777,51.555555555555564,True,0,False,reset
delta0,8,51.555555555555564,51.555555555555564,51.555555555555564,False,1,False,no_reset
delta0,9,51.555555555555564,51.555555555555564,51.555555555555564,False,2,False,no_reset
delta0,10,51.555555555555564,51.555555555555564,51.555555555555564,False,3,True,no_reset
delta2pp,1,43.77777777777777,,43.77777777777777,False,0,False,initialize
delta2pp,2,45.555555555555564,43.77777777777777,43.77777777777777,False,1,False,no_reset
delta2pp,3,46.22222222222223,43.77777777777777,46.22222222222223,True,0,False,reset
delta2pp,4,47.555555555555564,46.22222222222223,46.22222222222223,False,1,False,no_reset
delta2pp,5,47.555555555555564,46.22222222222223,46.22222222222223,False,2,False,no_reset
delta2pp,6,47.77777777777777,46.22222222222223,46.22222222222223,False,3,True,no_reset
