t,a_id,a_pp,a_status,a_runtime_zero_if_failed,b_id,b_pp,b_status,b_runtime_zero_if_failed,inc_id,V_pp,within_comparison_horizon,unknown_incumbent,U_pp,S_pp,L_pp
1,C01,36.0,recorded_evaluation,,C02,29.3,recorded_evaluation,,B0,43.77777777777777,True,False,19.0,83.49056603773585,28.000000000000004
2,C03,44.7,recorded_evaluation,,C04,45.6,recorded_evaluation,,C04,45.555555555555564,True,False,17.0,89.62264150943396,27.0
3,C05,46.2,recorded_evaluation,,C06,45.8,recorded_evaluation,,C05,46.22222222222223,True,False,17.0,84.90566037735849,30.0
4,C07,43.8,recorded_evaluation,,C08,47.6,recorded_evaluation,,C08,47.555555555555564,True,False,17.0,88.20754716981132,28.999999999999996
5,C09,46.9,recorded_evaluation,,C10,40.9,recorded_evaluation,,C08,47.555555555555564,True,False,17.0,88.20754716981132,28.999999999999996
6,C11,47.3,recorded_evaluation,,C12,47.8,recorded_evaluation,,C12,47.77777777777777,True,False,16.0,84.90566037735849,38.0
7,C13,51.6,recorded_evaluation,,C14,44.0,recorded_evaluation,,C13,51.555555555555564,True,False,17.0,88.20754716981132,33.0
8,C15,48.9,recorded_evaluation,,C16,48.2,recorded_evaluation,,C13,51.555555555555564,True,False,17.0,88.20754716981132,33.0
9,C17,50.9,recorded_evaluation,,C18,48.4,recorded_evaluation,,C13,51.555555555555564,True,False,17.0,88.20754716981132,33.0
10,C19,46.0,recorded_evaluation,,C20,45.8,recorded_evaluation,,C13,51.555555555555564,True,False,17.0,88.20754716981132,33.0
11,C21,46.7,recorded_evaluation,,C22,50.2,recorded_evaluation,,C13,51.555555555555564,True,False,17.0,88.20754716981132,33.0
12,C23,45.6,recorded_evaluation,,C24,47.8,recorded_evaluation,,C13,51.555555555555564,True,False,17.0,88.20754716981132,33.0
13,C25,49.6,recorded_evaluation,,C26,52.2,recorded_evaluation,,C26,52.22222222222223,True,False,17.0,88.67924528301887,33.0
14,C27,46.9,recorded_evaluation,,C28,45.6,recorded_evaluation,,C26,52.22222222222223,True,False,17.0,88.67924528301887,33.0
15,C29,49.6,recorded_evaluation,,C30,48.9,recorded_evaluation,,C26,52.22222222222223,True,False,17.0,88.67924528301887,33.0
16,C31,,benchmark_failed_logged_zero,0,C32,48.9,recorded_evaluation,,C26,52.22222222222223,True,False,17.0,88.67924528301887,33.0
17,C33,42.9,recorded_evaluation,,C34,49.6,recorded_evaluation,,C26,52.22222222222223,True,False,17.0,88.67924528301887,33.0
18,C35,48.4,recorded_evaluation,,C36,48.9,recorded_evaluation,,C26,52.22222222222223,True,False,17.0,88.67924528301887,33.0
19,C37,52.2,recorded_evaluation,,C38,,import_failed_no_score,,C37,52.22222222222223,True,False,17.0,86.32075471698113,34.0
20,C39,47.1,recorded_evaluation,,C40,52.2,recorded_evaluation,,,,False,True,,,
